{
    "accuracy": 0.9561128526645768,
    "precision": 0.9345132743362832,
    "recall": 0.9906191369606003,
    "f1_score": 0.9617486338797814,
    "roc_auc": 0.9893253964742115
}